Название и ссылка на клиническую рекомендацию,"МКБ, к ней относящийся",Зелёные рекомендации,Жёлтые рекомендации,Красные рекомендации,Наименование и ссылка на стандарт (если есть)
https://algom.ru/post/nkr00708?lang=rus,"К29.0 - Острый геморрагический гастрит

Острый (эрозивный) гастрит с кровотечением

К29.1 - Другие острые гастриты

К29.2 - Алкогольный гастрит

К29.3 - Хронический поверхностный гастрит

К29.4 - Хронический атрофический гастрит

Атрофия слизистой оболочки

К29.5 - Хронический гастрит неуточненный

Хронический гастрит:

· антральный

· фундальный

К29.6 - Другие гастриты

Гастрит гипертрофический гигантский

Гранулематозный гастрит

Болезнь Менетрие

К29.7 - Гастрит неуточненный

К29.8 - Дуоденит

К29.9 - Гастродуоденит неуточненный

K31.8 - Другие уточненные болезни желудка и двенадцатиперстной кишки



",1. ЭГДС ( )                                                                                                                                                                                                                              2. Общий анализ крови(0.77\4С)                                                                                                                                                                                                               3. Биопсия при ЭГДС( 0.72\2А)                                                                                                                                                                                                                  4. Уреазный тест   (0.56\1А)                                                                                                                                                                                                             5. Определение антигена хеликобактера пилори в фекалиях(0.15\1А)                                                                                                                                                                                6.Экспресс-тест(биопсийный) на хеликобактер (0.72\2В)                                                                   ,"1.определение антител к хеликобактер пилори (Helicobacter pylori) в крови (3В)                                                                                                      2. Антитела к париетальным клеткам и антитела к фактору Касла (2В)                                                                                                                                                                                                  3. Анализ крови на пепсиноген I, пепсиноген II и гастрин-17(0.13\2A)                                                                            4. Биопсия при ЭГДС методом OLGA (4C) ", ,https://algom.ru/post/sta00571-Standart_medicinskoi_pomosh'i_vzroslim_pri_gastrite_i_duodenite_(diagnostika_i_lechenie)?lang=rus
"Неалкогольная жировая болезнь печени, 2024 г. (одобрено НПС МЗ РФ)","К75. 8 – другие уточненные воспалительные болезни печени.                                      K76. 0 – жировая печень (дегенерация печени), не классифицированная в других рубриках.",1. Общий анализ крови(0.067\5С)                                                                                                                                                                                                     2. Общий анализ мочи(2В),"1. Общетерапевтический биохимический анализ крови(0.067\5С) Креатинин - 2В                                                                                   2. ГГТ(гамма-глутамилтрансфераза), ЩФ(щелочная фосфатаза)(0.067\5C)                                                                                                          3. Глюкоза крови, гликозилированного гемоглобина крови (HbA1c), проведение глюкозотолерантного теста (ГТТ)(0,04\5C)                                                                                                                                                              4.Индекс HOMA(HOMA-IR)(0.013\5С)                                                                                                                                 5.Липидограмма(0.067\4С)                                                                                                                                                   6. Коагулограмма(0.067\4С)                                                                                                                                                   7. Определение альбумина в моче(2В)                                                                                                                             8.Определение  антигена (HBsAg) вируса гепатита B (Hepatitis B virus) в крови, качественное исследование;  , определение антител к вирусу гепатита C (Hepatitis C virus) в крови (anti-HCV IgG и anti-HCV IgM) исследование уровня иммуноглобулина G  в крови (IgG)(5С)                                                                    9. Трансферрин, церулоплазмин(5С)
10. УЗИ органов брюшной полости(0.067\2В)                                                                                                                     11. Оценка параметра контролируемого затухания (Controlled Attenuation Parameter – CAP) ультразвука(Стеатометрия)(2А)                                                                                                                                      13. МРТ органов брюшной полости(0.0033\1А)                                                                                                             14. Чрескожная биопсия печени, исследование(гистологическое) биопсийного материала(0.0022\5С)                          15. Эластометрия печени(0.002\2В)
16. Транзиентная эластография(2В)                                                                                                                                         17. ЭГДС(5С)                                                                                                                                                                    18. Протонная магнитно-резонансная спектроскопия(0.00067)",,https://algom.ru/post/sta00610-Standart_medicinskoi_pomosh'i_vzroslim_pri_nealkogolnoi_zhirovoi_bolezni_pecheni_(diagnostika__lechenie_i_dispansernoe_nablyudenie)?lang=rus
 https://endoexpert.ru/dokumenty-i-prikazy/krkholetsistit/,"К81 – Холецистит
Исключен: с холелитиазом (K80.-)
К81.0 – Острый холецистит:
Абсцесс желчного пузыря без камней
Ангиохолецистит без камней
Холецистит:
- эмфизематозный (острый) без камней
- гангренозный без камней
- гнойный без камней
Эмпиема желчного пузыря без камней
Гангрена желчного пузыря без камней
К81.1 – Хронический холецистит
К81.8 – Другие формы холецистита
К81.9 – Холецистит неуточненный","1. Общий анализ крови(1\5С)                                                                                                                                                                                                          2. С-реактивный белок(1\2С)                                                                                                                                                                                                        3.  УЗИ печени, желчного пузыря и желчных протоков(1\1А) ","1. Общетерапевтический биохимический анализ крови, Щелочная фосфатаза(ЩФ),амилаза(1\5С)                                      2. Коагулограмма(1\5С)                                                                                                                                                                                  3. Микробиологическое (культурального) исследования крови на стерильность(посев крови)(4С)                                   4. Микроскопическое исследование кала на яйца и личинки гельминтов(5С)                                                              5.Компьютерная томография органов брюшной полости с внутривенным болюсным контрастированием(0.01\2В)                                                                                                                                           6. Магнитно-резонансная томография органов брюшной полости(0.001\1А)                                                                7. Гепатобилисцинтиграфия с иминодиуксусной кислотой (HIDA-сканирование)(2В)                                                8. МРХПГ, эндосонография панкреатобилиарной зоны(0.001\5С)                                                                                                                               9. ЭКГ(5С)","не рекомендуется проведение пероральной холецистографии и холангиографии, внутривенной холецистографии и холангиографии(5С)",https://algom.ru/post/sta00503-Standart_medicinskoi_pomosh'i_vzroslim_pri_ostrom_holecistite_(diagnostika_i_lechenie)?lang=rus
https://algom.ru/search/nkr00193-YAzvennii_kolit__2024_g__(odobreno_NPS_MZ_RF)?query=%D0%BA%D0%BE%D0%BB%D0%B8%D1%82&page_type=27&lang=rus,"K51.0 – Язвенный (хронический) энтероколит

K51.1 – Язвенный (хронический) илеоколит

K51.2 – Язвенный (хронический) проктит

K51.3 – Язвенный (хронический) ректосигмоидит

K51.4 – Псевдополипоз ободочной кишки

K51.5 – Мукозный проктоколит

K51.8 – Другие язвенные колиты

K51.9 – Язвенный колит неуточненный



",1. Клинический анализ крови(4С)                                                                                                                                                                                                          2. УЗИ органов брюшной полости(2А)                                                                                                                                                                                                                  3. УЗИ органов малого таза трансвагинально или трансабдоминально(2А)              ,"1.Биохимический общетерапевтический анализ крови,  альбумин, общий холестерин, калий (К+), натрий (Na+), хлориды (Сl-), , фибриноген  в крови, С-реактивный белок в сыворотке крови,  гамма-ГТ(ГГТ), лактактдегидрогеназа(ЛДГ), щелочная фосфатаза в крови (4С)                                                                                          2.  Исследование кала на токсины А и В Clostridioides difficile (4С)                                                                                                                                3. Исследования кала на наличие токсина клостридии диффициле (Clostridioides difficile) методом ИФА с определением токсинов А и В, исследования кала на наличие токсина клостридии диффициле (Clostridioides difficile) методом ПЦР с определением токсинов А и В(4С)                                                                                        4. Исследование биопсийного (операционного) материала методом ПЦР в материале биоптатов слизистой оболочки толстой кишки (из очагов поражения) на наличие цитомегаловируса (ЦМВ) (4С)                                                                                                                                                                 5. Илеоколоноскопия, сигмоидоскопия (4С)                                                                                                                6. Обзорная рентгенография органов брюшной полости(4С)                                                                            7. Биопсия слизистой оболочки толстой кишки(5С)                                                                                                  8.ЭНДО-УЗИ Тонкого кишечника, Эндо-УЗИ толстого кишечника.(3В)                                                                                                            9. МРТ толстой кишки с контрастом(4С)                                                                                                                         10. КТ толстой кишки с контрастом, КТ тонкой кишки с контрастированием(3В)                                                                                         11. Иригоскопия с контрастом(4С)",,
https://algom.ru/search/nkr00892-Sindrom_razdrazhennogo_kishechnika__2024_g__(odobreno_NPS_MZ_RF)?query=%D0%BA%D0%BE%D0%BB%D0%B8%D1%82&page_type=27&lang=rus,"K52.3 Неопределенный колит

K52.9 Неинфекционный гастроэнтерит и колит неуточненный

К58.0 Синдром раздражённого кишечника с диареей

K58.1 Синдром раздраженного кишечника с преобладанием диареи

K58.2 Синдром раздраженного кишечника с преобладанием запоров

K58.3 Синдром раздраженного кишечника со смешанными проявлениями

K58.8 Другой или неуточненный синдром раздраженного кишечника

К58.9 Синдром раздражённого кишечника без диареи

K59.1 Функциональная диарея

K59.2 Неврогенная возбудимость кишечника, не классифицированная в других рубриках

K59.8 Другие уточненные функциональные кишечные нарушения

K59.9 Функциональное нарушение кишечника неуточненное



",1. Клинический анализ крови(0.11\3В)                                                                                                                                                                                          2. Определение содержания антител к тканевой трансглютаминазе в крови (AT к tTG) IgA  и IgG (0.068\2В)                                                                             3. Кальпротектин(0.056\2В)                                                                                                                                                                                                              4. Проведение водородно-метанового дыхательного теста с декстрозой или лактулозой(2В)                        ,"1. С-реактивный белок(0.11\3В)                                                                                                                        2.Биохимический общетерапевтический анализ крови, альбумин, общий холестерин, калий (К+), натрий (Na+), хлоридов (Сl-), , фибриногена  в крови, гамма-ГТ(ГГТ), лактатдегидрогеназа(ЛДГ), щелочная фосфатаза  (0.11\3В)                                                                                                                                                                        3. Кал на скрытую кровь (0.11\5С)                                                                                                                                    4. Копрограмма(3В)                                                                                                                                                     5. Антитела к тканевой трансглютаминазе в крови(3В)                                                                                                   6. ИФА экспресс-исследование кала на токсины A и B клостридий(Clostridioides difficile) (0.056\4С)         7.УЗИ органов брюшной полости(0.11\5С)                                                                                                                     8.. ЭГДС(0.079\5С)                                                                                                                                                          9. Биопсий 12-перстной кишки при ЭГДС ***при повышение  АТ к tTG (0.028\2В)                                                                       10. Проведение колоноскопии с биопсией тонкой кишки, проведение колоноскопии с биопсией толстой кишки(0.017\0.11\3В)                              ",,https://algom.ru/post/sta00485-Standart_medicinskoi_pomosh'i_vzroslim_pri_sindrome_razdrazhennogo_kishechnika_(diagnostika_i_lechenie)?lang=rus
https://algom.ru/post/nkr00273-Hronicheskii_pankreatit__2024_g__(odobreno_NPS_MZ_RF)?lang=rus,"K.86.0 Хронический панкреатит алкогольной этиологии

K.86.1 Другие хронические панкреатиты

K.86.2 Киста поджелудочной железы

K.86.3 Ложная киста поджелудочной железы

K.86.8 Другие уточненные болезни поджелудочной железы

K.90.3 Панкреатическая стеаторея



","1. Амилаза (2В)                                                                                                                                                                                                                                2. Панкреатическая эластаза-1 в кале(1В)                                                                                                                                                            3.Гликированный гемоглоби(2В)                                                                                                                                                                                          4.Глюкоза крови(2В)                                                                                                                                                                                                                           5. Глюкозотолерантный тест(2В)                                                                                                                                                                                                      6. УЗИ органов брюшной полости(1С)                                                                                                                                                                                                         7.Общий анализ крови(4С)    
","1. Рентген органов брюшной полости(5С)                                                                                                                                                                2. КТ органов брюшной полости без контраста  (5С)                                                                                                        3. КТ органов брюшной полости с контрастом *при конкрементах или образования выявленных на УЗИ более 5м (1С)                                                                                                                                                                             4. Эндосонография панкреатобилиарной зоны(3С)                                                                                                         5. МРТ органов брюшной полости(2В)                                                                                                             6. Магнитно-резонансная холангиопанкреатография с контрастным усилением или без(2В)                                                  7. МРХПГ, эндосонография панкреатобилиарной зоны(ЭСПБЗ) со стимуляцией секретином(3В)                                                                                                                                                8. Определение общего белка, альбумин, определение концентрации ретинол-связывающего белка, витамин B12 (цианокобаламина), фолиевая кислота(В9), трансферрин, общий магний, цинк (4С)          9. Денситометрия(рентген)(5С)                                                                                                                                          10. Водородный дыхательный тест с углеводной нагрузкой для диагностики СИБР (4С)                                                                                                                                                                               11. IgG4 сыворотки крови  (1А) 
                                                                                                                                                                                 ","1.Эндоскопическая ретроградная холангиопанкреатикография (ретроградная холангиопанкреатография, ЭРХПГ) *красная из-за больших рисков(5С)      ",
"Цирроз и фиброз печени, 2025 г. (одобрено НПС МЗ РФ)","K74.0 Фиброз печени.

K74.1 Склероз печени.

K74.2 Фиброз печени в сочетании со склерозом печени.

K74.4 Вторичный билиарный цирроз.

K74.5 Билиарный цирроз неуточненный.

K74.6 Другой и неуточненный цирроз печени.

К72 Печеночная недостаточность, не классифицированная в других рубриках.

K72.0 Острая и подострая печеночная недостаточность.

K72.1 Хроническая печеночная недостаточность.

K72.9 Печеночная недостаточность неуточненная.

К76.7 Гепаторенальный синдром.


",1. Общий анализ крови 0.82\4С                                                                                                                                                                                                            2. Общий анализ мочи 0.82\5С                                                                                                                                                                                                               ,"1.Определение суммарных антител классов М и G (anti-HCV IgG и anti-HCV IgM) к вирусу гепатита C (Hepatitis С virus) в крови (0.1\5С)                                                                                                                                                         2.Определение антигена (HbsAg) вируса гепатита B (Hepatitis В virus) в крови(0.1\5С)                                                     3.Определение антител к вирусу гепатита D (Hepatitis D virus) в крови(0.01\5С)                                                    4.Иммунохроматографическое экспресс-исследование кала на токсины А и В клостридии (Clostridium difficile)(0.1\3С)                                                                                                                                                                 5.определение уровня общего белка и альбумина в асцитической жидкости, полученной при диагностическом парацентезе (лапароцентезе)(4С)                                                                                                                        6. Определение соотношения белковых фракций методом электрофореза(0.41\5С)                                                            7.Определение активности амилазы в перитонеальной жидкости(0.25\5С)                                                                                        8. Исследование уровня иммуноглобулинов в крови(0.25\5С)                                                                                              9. Исследование уровня ферритина в крови(0.1\5С)                                                                                                       10. Исследование уровня церулоплазмина в крови(0.1\5С)                                                                                                            11.Микробиологическое (культуральное) исследование крови на стерильность(0.092\4С)                                                        12.Микробиологическое (культуральное) исследование мочи на аэробные и факультативно-анаэробные условно-патогенные микроорганизмы(0.092\4С)                                                                                               13. Исследование уровня прокальцитонина в крови(0.092)                                                                                               14. ЭКГ( 0.034\4С)                                                                                                                                                              15.Рентгенденситометрия(4С)                                                                                                                                           16.Исследование уровня аммиака в крови(5С)                                                                                                                                     17.Коагулограмма 0.82\4С                                                                                                                                                                                                               18. Анализ крови биохимический общетерапевтический, альбумин, билирубин связанный (конъюгированный), щелочная фосфатаза, гамма-глютамилтрансфераза(ГГТ)(0.82\4С)                                                                                                                                                                              19.Микроскопическое исследование перитонеальной (асцитической) жидкости(0.25\2В)
20. Бактериологическое исследование перитонеальной жидкости на аэробные и факультативно-анаэробные условно-патогенные микроорганизмы(0.25\2В)                                                                                                                                                                                                                         21. Микроскопическое исследование перитонеальной (асцитической) жидкости(0.25\2В)                                                                                                            22. Исследование уровня С-реактивного белка в сыворотке крови(0.16)                                                                                                                                               23.УЗИ органов брюшной полости(0.82\4С)                                                                                                                                                                                         24. ЭГДС(0.71\4С)                                                                                                                                                                                                                               25.Магнитно-резонансная томография органов брюшной полости с внутривенным контрастированием(0.092\1А)                                                                                                                                       26. Компьютерная томография органов брюшной полости с внутривенным болюсным контрастированием(0.18\1А)                                                                                                                           27.Проведение контраст-усиленного ультразвукового исследования (КУУЗИ)(1А) *При наличие противопоказаний к КТ с контрастом и МРТ с контрастом                                ",1. Двухэнергитическая рентгеновская абсорбциометрия(5С),https://algom.ru/post/sta00556-Standart_medicinskoi_pomosh'i_vzroslim_pri_cirroze_i_fibroze_pecheni_(diagnostika_i_lechenie)?lang=rus
https://algom.ru/post/nkr00172-Analnaya_tresh'ina__2024_g__(odobreno_NPS_MZ_RF)?lang=rus,"K60.0 Острая трещина заднего прохода.

K60.1 Хроническая трещина заднего прохода.

K60.2 Трещина заднего прохода неуточненная.",,1. Аноскопия(5С)                                                                                                                                                                                2. Ректороманоскопия(5с)                                                                                                                                             3. Колоноскопия(5С)                                                                                                                                                        4. Сфинктерометрия(3С)                                                                                                                                                     5. Профилометрия(3С)                                                                                                                                                        6. УЗИ прямой кишки трансректальное;,"Специфическая лабораторная диагностика анальных трещин не существует. Лабораторные диагностические исследования следует выполнять пациентам в ходе подготовки и планирования хирургического вмешательства для исключения сопутствующих заболеваний и состояний, а также при необходимости проведения дифференциальной диагностики.

",
Краткие руководства,"K 50.0 – Болезнь Крона тонкой кишки

K 50.1 – Болезнь Крона толстой кишки

K 50.8 – Другие разновидности болезни Крона

K 50.9 – Болезнь Крона неуточненная","1. Общий анализ крови(5С)                                                                                                                                                                                                                    2. Фекальный кальпротектин(2А)                                                                                                                                                                                                     3.МРТ малого таза с контрастом(1А)                                                                                                                                                                                                4. КТ малого таза с контрастом(1А)                                                                                                                                                                                                      5. Проведение трансабдоминального УЗИ органов брюшной полости, забрюшинного пространства, малого таза(2В)                                                                6. Видеокапсульная эндоскопия(1В)","1. Определение уровня железа в крови(5С)                                                                                                                            2. Ферритин(5С)                                                                                                                                                                          3. Трансферрин(5С)                                                                                                                                                            4. Определение уровня C-реактивного белка, общий белок, альбуминов, глюкозы, АЛТ, АСТ, холестерина, К+, Na+, Сl-, щелочной фосфатазы, фибриногена крови(5С)                                                                          5.  Фолиевая кислота, витамин В-12, сывороточное железо, общая железосвязывающая способность сыворотки, ферритин(3В)                                                                                                                                                           6.  Исследование кала на токсины А и В Cl. difficile для исключения клостридиальной инфекции(4С)                                        7. Исследования кала для идентификации токсигенной Cl. difficile методами: иммуноферментного анализа с определением токсинов А и В и/или иммунохемилюминесцентного анализа с определением токсинов А и В и/или полимеразной цепной реакции (ПЦР)(4С)                                                                                           8.Микроскопическое исследование кала на гельминты(5С)                                                                                          9. Исследование уровня свободного и связанного билирубина, креатинина, мочевины, общего кальция в крови,  амилазы в крови и общего (клинического) анализа мочи(5С)                                                                            10. Ректороманоскопии(5С)                                                                                                                                                  11. Рентгенография брюшной полости(5С)                                                                                                                       12. Колоноскопия c биопсией из зоны патологического процесса(5C)                                                                                              
13. ЭГДС(ФГДС)(4С)
14. Эндоректальное УЗИ (ЭУЗИ)(4С)                                                                                                                                15. Рентгенография тонкой кишки с контрастированием (с бариевой взвесью)(4С)                                                                  16. Гистологическое исследование биопсийного материала(5С)                                                                                     17. Двухбаллонная интестиноскопия(4С)",,
https://algom.ru/post/nkr00277-YAzvennaya_bolezn__2024_g__(odobreno_NPS_MZ_RF)?lang=rus,"Язва желудка (К25)

К25.0 – острая с кровотечением

К25.1 – острая с прободением

К25.2 – острая с кровотечением и прободением

К25.3 – острая без кровотечения и прободения

К25.4 – хроническая или неуточненная с кровотечением

К25.5 – хроническая или неуточненная с прободением

К25.6 – хроническая или неуточненная с кровотечением и прободением

К25.7 – хроническая без кровотечения и прободения

К25.9 – не уточненная как острая или хроническая без кровотечения и прободения

Язва двенадцатиперстной кишки (К26)

К26.0 – острая с кровотечением

К26.1 – острая с прободением

К26.2 – острая с кровотечением и прободением

К26.3 – острая без кровотечения и прободения

К26.4 – хроническая или неуточненная с кровотечением

К26.5 – хроническая или неуточненная с прободением

К26.6 – хроническая или неуточненная с кровотечением и прободением

К26.7 – хроническая без кровотечения и прободения

К26.9 – не уточненная как острая или хроническая без кровотечения и прободения

Пептическая язва неуточненной локализации (К27)

К27.0 – острая с кровотечением

К27.4 – хроническая или неуточненная язва с кровотечением

Гастроеюнальная язва (К28)

К28.0 – острая с кровотечением

К28.4 – хроническая или неуточненная с кровотечением

Другие болезни желудка и двенадцатиперстной кишки (К31)

К31.1 – гипертрофический пилоростеноз у взрослых

К31.2 – стриктура в виде песочных часов и стеноз желудка

К31.6 – свищ желудка и двенадцатиперстной кишки

К31.9 – болезнь желудка и двенадцатиперстной кишки неуточненная



",1. Общий анализ крови(4С)                                                                                                                                                                                                                2. Исследование кала на скрытую кровь(2А)                                                                                                                                                                                      3. ЭГДС(ФГДС)(5С)                                                                                                                                                                                                                                 4. Рентгенография желудка и двенадцатиперстной кишки(Рентгенография органов брюшной полости)(2В)                                                                                               5. КТ органов брюшной полости(2В)                                                                                                                                                                                                  6. Множественная щипцевая биопсия из краёв язвенного дефекта(1В)                                                                                                                                       7. 13С-уреазного дыхательного теста на Helicobacter pylori(2В)                                                                                                                                                           8. Определения антигена H. pylori в кале(2В)                                                                                                                                                                                          9. Быстрый уреазный тест при ЭГДС(2В),"1. Введение водорастворимого контрастного препарата (V08A Рентгеноконтрастные средства, содержащие йод) с проведением обзорной рентгенографии органов брюшной полости,  КТ органов брюшной полости c контрастом(4С)                                                                                                                                       2. УЗИ органов брюшной полости(5С)                                                                                                                                      3. Бактериологическое исследование перитонеальной жидкости на аэробные и факультативно-анаэробные условно-патогенные микроорганизмы, микробиологическое (культурального) исследование перитонеальной жидкости на анаэробные неспорообразующие микроорганизмы, микробиологическое (культуральное) исследование перитонеальной жидкости на грибы (дрожжевые и мицелиальные) с определением чувствительности микроорганизмов к антимикробным химиотерапевтическим препаратам(4С)


",,
https://algom.ru/post/nkr00191-Svish'_zadnego_prohoda_i_pryamoi_kishki__2024_g__(odobreno_NPS_MZ_RF)?lang=rus,К60.3 Свищ заднего прохода,1.  УЗИ прямой кишки трансректальное и анального канала(1А)                                                                                                                                                                 2. МРТ органов малого таза(1А)                                                                                                                                                                                                     3. Аноскопия(5С),1. Ректороманоскопия(5С)                                                                                                                                                       2. Колоноскопия(5С),"1.Специфическая лабораторная диагностика СЗП в настоящее время отсутствует. Лабораторные диагностические исследования следует выполнять пациентам в ходе подготовки и планирования хирургического вмешательства для исключения сопутствующих заболеваний и состояний.                                                                                                     2. КТ органов брюшной полости(3В) - не рекомендуется для обследования пациента ввиду низкой чувствительности и специфичности                                                                                                               3.Фистулография(3С) - не рекомендуется для обследования пациента, ввиду низкой чувствительности и специфичности ",
"Запор, 2024 г. (одобрено НПС МЗ РФ)",К59.0 – Запор,1. Общий анализ крови(1\5С),1. Рентгенография толстой кишки с контрастом(0.15\5С)                                                                                                                                         2. аноректальная манометрия(5С)                                                                                                                                                                        3. Проктография(0.015\5С)                                                                                                                                                                                          4. Электромиография наружного анального сфинктера или тазового дна (0.06\5С),,https://algom.ru/post/sta00546-Standart_medicinskoi_pomosh'i_vzroslim_pri_zapore_(diagnostika_i_lechenie)?lang=rus
"Энтероколит, вызванный Clostridioides difficile (C. difficile), 2024 г. (одобрено НПС МЗ РФ)","A04.7 Энтероколит, вызванный Clostridium difficile

K52.8.0 – Колит псевдомембранозный","1. Клинический анализ крови (с определением СОЭ и лейкоцитарной формулой)(5С)

","1. Иммуноферментный анализ (ИФА) токсинов C. difficile A и B(5C)                                                                                       2. Определение ДНК возбудителя диффициального клостридиоза  Clostridium difficile и генов токсинов  в образцах фекалий методом ПЦР(5C)                                                                                                                 3. Микробиологическое (культуральное) исследование фекалий/ректального мазка на возбудитель диффициального клостридиоза (Clostridium difficile) с определением чувствительности к антибактериальным препаратам(5C)                                                                                                                               4. анализ крови биохимический общетерапевтический с определением уровня маркеров системного воспалительного ответа ( С-реактивный белок, ферритин), альбумин, электролиты (калий, натрий, кальций, хлориды)(5С)                                                                                                                                                          5. Общий анализ мочи(5С)                                                                                                                                                   6. Копрограмма(5С)                                                                                                                                                                  7.Коагулограмма (5С)                                                                                                                                                                     8. Молекулярно-биологическое исследование фекалий на ротавирусы (Rotavirus gr. A), определение РНК ротавирусов (Rotavirus gr. A) в образцах фекалий методом амплификации нуклеиновых кислот (ПЦР), молекулярно-биологическое исследование фекалий на норовирусы (Norovirus II, I генотипа), определение РНК норовирусов (Rotavirus gr. A) в образцах фекалий методом амплификации нуклеиновых кислот (ПЦР); молекулярно-биологическое исследование фекалий на микроорганизмы рода сальмонелла (Salmonella spp.); молекулярно-биологическое исследование фекалий на микроорганизмы рода шигелла (Shigella spp.); молекулярно-биологическое исследование фекалий на диарогенные эшерихии (ЕНЕС, ЕРЕС, ETEC, EAgEC, EIEC); Молекулярно-биологическое исследование фекалий на патогенные кампилобактерии (Campylobacter jejuni/coli).(5С)                                             9. Рентгенография органов брюшной полости(5С)                                                                                                      10. УЗИ органов брюшной полости(5С)                                                                                                                    11. КТ органов брюшной полости с контрастом(5С)                                                                                                      12. Колоноскопия(5С)                                                                                                                                                       ",,
"Прочие первичные грыжи брюшной стенки, 2024 г. (одобрено НПС МЗ РФ)","K42.0. Пупочная грыжа с непроходимостью без гангрены.

K42.1. Пупочная грыжа с гангреной.

K42.9. Пупочная грыжа без непроходимости или гангрены.

K43.6. Другая и неуточненная грыжа передней брюшной стенки с непроходимостью без гангрены.

K43.7. Другая и неуточненная грыжа передней брюшной стенки с гангреной.

K43.9. Другая и неуточненная грыжа передней брюшной стенки без непроходимости или гангрены



",1. Общий анализ крови(4С)                                                                                                                                                                                                                 2. УЗИ органов брюшной полости(4С)                    ,1. Общий анализ мочи(4С)                                                                                                                                                      2. Биохимический общетерапевтический анализ крови(4С)                                                                                              3. Рентгенография органов брюшной полости(5С)                                                                                                           4. КТ органов брюшной полости(3С),,
https://algom.ru/post/nkr00685-Posleoperacionnaya_ventralnaya_grizha__2024_g__(odobreno_NPS_MZ_RF)?lang=rus,"K43.0 Инцизионная грыжа с непроходимостью без гангрены

K43.1 Инцизионная грыжа с гангреной

К43.2 Инцизионная грыжа без непроходимости и гангрены.

K43.3 Парастомальная грыжа с непроходимостью без гангрены

K43.5 Парастомальная грыжа без непроходимости и гангрены

",1. Общий анализ крови(0.33\4С)                                                                                                                                                                                                                                                2. УЗИ органов брюшной полости(0.1\2В),1. Общий анализ мочи(0.33\4С)                                                                                                                                                                                                              2. Анализ крови биохимический общетерапевтический(0.33\4С)                                                                                                                            3. Рентгенография органов брюшной полости(5С)                                                                                                                                                    4. КТ органов брюшной полости(0.017\2В),,https://algom.ru/post/sta00588-Standart_medicinskoi_pomosh'i_vzroslim_pri_posleoperacionnoi_ventralnoi_grizhe_(diagnostika__lechenie_i_dispansernoe_nablyudenie)?lang=rus
"Полип толстой и прямой кишки, 2025 г. (одобрено НПС МЗ РФ)","K62.1 Полип прямой кишки                                                                                                                                                                                                                                                                  K63.5 Полип толстой кишки                                                                                                                                                                                                                                                        D37.4 Новообразование неопределенного или неизвестного характера полости рта и органов пищеварения                                                                                                                            D12 Доброкачественное новообразование ободочной кишки, прямой кишки, заднего прохода [ануса]  и анального канала:                                                                                                  D12.0 Слепой кишки                                                                                                                                                                                                                                                                           D12.1 Червеобразного отростка                                                                                                                                                                                                                                                           D12.2 Восходящей ободочной кишки                                                                                                                                                                                                                                                  D12.3 Поперечной ободочной кишки                                                                                                                                                                                                                                           D12.4 Нисходящей ободочной кишки                                                                                                                                                                                                                                              D12.5 Сигмовидной ободочной кишки                                                                                                                                                                                                                                                              D12.6 Ободочной кишки неуточненной части                                                                                                                                                                                                                                             D12.7 Ректосигмоидного соединения                                                                                                                                                                                                                                                               D12.8 Прямой кишки",1. Общий анализ крови(4С),1. Коагулограмма(4С)                                                                                                                                                               2. Анализ крови биохимический общетерапевтический(4С)                                                                                                3. Исследование кала на скрытую кровь методом иммунохроматографии                                                                                                   4. Колоноскопия(5С)                                                                                                                                                            5. Выполнение щипцовой биопсии при колоноскопии(4С)                                                                                               6.Полипоэктомия(4С)                                                                                                                                                                          7.Гистологические исследование материала полученного при полипоэктомии(1В)                                                                          8. Ректороманоскопия и сигмоидоскопия(5С)                                                                                                                                             9.Толстокишечная эндоскопия видеокапсульная (ТЭВ)(2В)                                                                                                 10. Компьютерно-томографическая колоноскопия(2В)                                                                                                       11. Ирригоскопия с двойным контрастированием(4С)                                                                                                            12. Эндо-УЗИ(1В)                                                                                                                                                                 13. МРТ толстой кишки(1В),,
"Ангиодисплазия кишечника, 2024 г. (одобрено НПС МЗ РФ)","Блок: K55 Сосудистые болезни кишечника.

K55.2 Ангиодисплазия ободочной кишки

К55.3 Ангиодисплазия тонкого кишечника

K55.8 Другие сосудистые болезни кишечника.",1. Общий анализ крови(4С),"1. Коагулограмма(4С)                                                                                                                                                                 2. Определение уровня ангиопоэтина 2 в периферической крови(3В)                                                                                  3. Колоноскопия(4С)                                                                                                                                                                       4. КТ Органов брюшной полости с контрастом(4С)                                                                                                         5. МРТ забрюшинного пространства с контрастом\или органов брюшной полости с контрастом(4С)                                   6. КТ ангиография брыжеечных сосудов, МРТ ангиография брыжеечных сосудов(5С)                                                                                                             7. Радионуклеидная ангиография(4С)                                                                                                                             8. Интестиноскопия двухбаллонная (1В)                                                                                                                     9. тонкокишечная эндоскопия видеокапсульная(ТЭВ)(1А)                                                                                              ",,
https://algom.ru/post/nkr00779-Vrozhdennie_i_priobretennie_anomalii_i_deformacii_zubochelyustnoi_sistemi__i_licevogo_cherepa__2023_g__(odobreno_NPS_MZ_RF)?lang=rus,"Q18 Другие врожденные аномалии [пороки развития] лица и шеи

K07.0 Основные аномалии размеров челюстей

-Гиперплазия нижней или верхней челюсти

-Гипоплазия нижней или верхней челюсти

-Макрогнатия нижней или верхней челюсти

-Микрогнатия нижней или верхней челюсти

K07.1 Аномалии челюстно-черепных соотношений

-Асимметрия челюсти

-Прогнатия нижней или верхней челюсти

-Ретрогнатия нижней или верхней челюсти

K07.4 Аномалия прикуса неуточненная (идиопатическая резорбция)



",,"1. Лабораторные  диагностические  исследования  рекомендуется  выполнять всем пациентам с патологией прикуса в ходе подготовки и планирования хирургического вмешательства для исключения сопутствующих заболеваний(5C)                                                                                                                                                          2.Компьютерная томография лицевого отдела черепа с или без пространственной реконструкции изображения в формате 3D(5С)
3. Магнитно-резонансная томография височно-нижнечелюстного сустава (ВНЧС)(5С) ",,
https://algom.ru/post/nkr00177-Vipadenie_pryamoi_kishki__2024_g__(odobreno_NPS_MZ_RF)?lang=rus,"Другие болезни кишечника (К62)

К62.2 Выпадение заднего прохода.

К62.3 Выпадение прямой кишки.

К63.3 Язва заднего прохода и прямой кишки.",1. Аноскопия и ректороманоскопия(4С),"1. Проктография(4С)                                                                                                                                                                2. Рентгенография органов брюшной полости с определением пассажа контрастного вещества(4С)                          3. Сфинктерометрия(4С)                                                                                                                                                   4.электромиография мышц тазового дна, стимуляционная ЭМГ (исследование проводимости по половым нервам)(4С)","Специфической лабораторной диагностики выпадения прямой кишки не существует. Лабораторные диагностические исследования следует выполнять пациентам в ходе подготовки и планирования хирургического вмешательства для исключения сопутствующих заболеваний и состояний, а также при необходимости проведения дифференциальной диагностики.

",
https://algom.ru/post/nkr00849-Grizha_pish'evodnogo_otverstiya_diafragmi__2024_g__(odobreno_NPS_MZ_RF)?lang=rus,"K44.0 Диафрагмальная грыжа с непроходимостью без гангрены

K44.1 Диафрагмальная грыжа с гангреной

K44.9 Диафрагмальная грыжа без непроходимости или гангрены",1. Рентгеноскопия пищевода и желудка с барием (2В)                                                                                                                                                                    2. ЭГДС/ФГДС(2В),1. КТ органов грудной клетки(2В)                                                                                                                                                     2. КТ органов брюшной полости(2В)                                                                                                                                3. Манометрия пищевода(1В)                                                                                                                                            4. Внутрипищеводная РН-метрия(1В)                                                                                                                           5. МРТ органов брюшной полости(2В),"Лабораторные исследования не имеют диагностического значения в случае неосложненной ГПОД. Они назначаются при подготовке пациента к операции. Объем лабораторных исследований зависит от наличия у пациента сопутствующих заболеваний, предполагаемого вида анестезии и метода хирургического лечения.                                                                                                                                                                                                                                                                           1. Обзорная рентгенография органов грудной клетки - не рекомендуется использовать как метод диагностики ГПОД (5С)                         ",
https://algom.ru/post/nkr00179-Divertikulyarnaya_bolezn__2024_g__(odobreno_NPS_MZ_RF)?lang=rus,"Блок: Другие болезни кишечника K55-K63.

Коды:

К57.0 Дивертикулярная болезнь тонкой кишки с прободением и абсцессом

K57.1 Дивертикулярная болезнь тонкой кишки без прободения и абсцесса

K57.2 Дивертикулярная болезнь толстой кишки с прободением и абсцессом

K57.3 Дивертикулярная болезнь толстой кишки без прободения и абсцесса

К57.4 Дивертикулярная болезнь и тонкой, и толстой кишки с прободением и абсцессом

К57.5 Дивертикулярная болезнь и тонкой, и толстой кишки без прободения или абсцесса

К57.8 Дивертикулярная болезнь кишечника, неуточненной части, с прободением и абсцессом

К57.9 Дивертикулярная болезнь кишечника, неуточненной части, без прободения и абсцесса



",1. Общий анализ крови(4С)                                                                                                                                                                                                               2. УЗИ Органов брюшной полости(2В),1.  Анализ крови биохимический общетерапевтический(4С)                                                                                             2. С- реактивный белок(2В)                                                                                                                                                3. КТ органов брюшной полости с контрастом(2В)                                                                                                                    4. КТ органов малого таза с контрастом(2В)                                                                                                                          5. МРТ органов брюшной полости(2В)                                                                                                                                    6. Колоноскопия(3В)                                                                                                                                                           7. Водородный дыхательный тест с углеводной нагрузкой(4С),,
https://algom.ru/post/nkr00877-ZHelchnokamennaya_bolezn__2024_g__(odobreno_NPS_MZ_RF)?lang=rus,"K80 – Желчнокаменная болезнь (холелитиаз):

К80.0 – Камни желчного пузыря с острым холециститом

K80.1 – Камни желчного пузыря с другим холециститом

K80.2 – Камни желчного пузыря без холецистита

K80.3 – Камни желчного протока с холангитом

K80.4 – Камни желчного пузыря с холециститом

K80.5 – Камни желчного протока без холецистита и холангита

K80.8 – Другие формы холелитиаза

К82.0 – Закупорка желчного пузыря

К82.1 – Водянка желчного пузыря

К82.2 – Прободение желчного пузыря

К82.3 – Свищ желчного пузыря

К82.4 – Холестероз желчного пузыря

К82.8 – Другие уточненные болезни желчного пузыря

К83.1 – Закупорка желчного протока

К83.3 – Свищ желчного протока

К83.8 – Другие уточненные болезни желчевыводящих путей

К87.0 – Поражение желчного пузыря и желчевыводящих путей при болезнях, классифицированных в других рубриках

К91.5 – Постхолецистэктомический синдром



",1. Общий анализ крови(5С)                                                                                                                                                                                                                 2. УЗИ органов брюшной полости(5С),"1. Биохимический общетерапевтический анализ крови с определением активности  ЩФ(щелочная фосфотаза), гамма-глютамилтрансферазы (ГГТ), уровня связанного (конъюгированного) билирубина и активности панкреатической амилазы в крови(5С)                                                                                                                               2.С- реактивный белок(5С)                                                                                                                                              3. Магнитно-резонансная холангиопанкреатография (МРХПГ)(2В)                                                                            4. Эндосонография (эндоУЗИ) панкреатобилиарной зоны(5С)                                                                                                   5. КТ органов брюшной полости с в\в контрастом(4С)                                                                                                     6. МРТ органов брюшной полости(5С)

",Эндоскопическая ретроградная холангиопанкреатография (ЭРХПГ)(5С),
"Кисты челюстно-лицевой области и шеи, 2025 г. (одобрено НПС МЗ РФ)","К04.8 Корневая киста

К09 Кисты области рта, не классифицированные в других рубриках

К09.0 Кисты, образовавшиеся в процессе формирования зубов

К09.1 Ростовые (неодонтогенные) кисты области рта

К09.2 Другие кисты челюстей

К09.8 Другие уточненные кисты области рта, не классифицированные в других рубриках

К09.9 Киста области рта неуточненная

К11.6 Мукоцеле слюнной железы

Q18.0 Пазуха, фистула и киста жаберной щели

Q18.1 Преаурикулярная пазуха и киста

Q18.2 Другие пороки развития жаберной щели

Q18.8 Другие уточненные пороки развития лица и шеи

L72.0 Эпидермальная киста



",,"1. Патолого-анатомическое исследование биопсийного (операционного) материала, для исключения злокачественного вида образования(5С)                                                                                                                              2. Риноскопия (5С)                                                                                                                                                             3. Прицельная внутриротовая контактная рентгенография(5С)                                                                                     4.Ортопантомография(ОПТГ)(5С)                                                                                                                                5. Рентгенография нижней челюсти(5С)                                                                                                                           6. Рентгенография придаточных пазух носа(5С)                                                                                                          7.Конусно-лучевая томография (КЛКТ) (5С)                                                                                                                8.Компьютерная томография челюстно-лицевой области(5С)                                                                                            9. Компьютерная томография придаточных пазух носа(5С)                                                                                        10.Магнитно-резонансная томография мягких тканей(5С)                                                                                                11.УЗИ мягких тканей(5С)                                                                                                                                                     12.Тонкоигольная аспирационная биопсия по УЗ-контролем(5С)                                                                                                13. Гистологическое исследование биоптата(5С)                                                                                                       14. Сиалография                                                                                                                                                                15. КТ ангиография",,
https://algom.ru/post/nkr00711-Alkogolnaya_bolezn_pecheni__2024_g__(odobreno_NPS_MZ_RF)?lang=rus,"K70.0 – Алкогольная жировая дистрофия печени;

K70.1 – Алкогольный гепатит;

K70.2 – Алкогольный фиброз и склероз печени;

K70.3 – Алкогольный цирроз печени;

K70.4 – Алкогольная печеночная недостаточность;

K70.9 – Алкогольная болезнь печени неуточненная



",,"1. Общий(Клинический) анализ крови(5С)                                                                                                                        2. Биохимический общетерапевтический анализ крови(5С)                                                                                            3. Альбумин, прямой билирубин, щелочная фосфатаза(ЩФ), гамма-глутамилтранспептидаза (ГГТ), лактатдегидрогеназа (ЛДГ)(5С)                                                                                                                                        4. Коагулограмма(4С)                                                                                                                                                     5.  Общий анализ мочи(4С)                                                                                                                                                                6. Исследование маркеров вирусных гепатитов (определение антител класса M к вирусу гепатита A (anti-HАV IgM), определение антигена (HbsAg) вируса гепатита B (Hepatitis B virus) в крови, определение суммарных антител классов M и G (anti-HCV IgG и anti-HCV IgM) к вирусу гепатита C (Hepatitis C virus) в крови, определение антител к вирусу гепатита D (Hepatitis D virus) в крови, определение антител класса M (anti-HEV IgM) к вирусу гепатита Е (Hepatitis E virus) в крови)(5С)                                                       7. Насыщение трансферрина железом(НТЖ)(5С)                                                                                                                                                                8.  Исследование иммуноглобулинов (Ig) А, M, G (5С)                                                                                                          9. УЗИ органов брюшной полости, УЗДГ сосудов печени(5С)                                                                                      10. ЭГДС(5С)                                                                                                                                                                11. ЭКГ(4С)                                                                                                                                                                            12. КТ органов брюшной полости с контрастом внутривенным(5С)                                                                                                                                      13. МРТ органов брюшной полости с внутривенным контрастом(5С)                                                                            14. Пункционная биопсия печени, гистологическое исследование биоптата(5С)                                                      15. Фибротест, Фиброметр, определение  индекса APRI, определение индекса PGAA, (5С)                
16. Эластометрия печени(1С)
", ,